date,revenue,expenses,transactions,customers,region,product_category,profit,profit_margin,avg_transaction_value,revenue_per_customer,year,month,quarter,day_of_week,week_of_year
2024-01-01,102483.57076505617,64471.916770389056,1703,392,West,Software,38011.65399466711,37.09,60.18,261.44,2024,1,1,Monday,1
2024-01-02,99707.68913091948,79264.45078881223,1209,160,South,Software,20443.238342107245,20.5,82.47,623.17,2024,1,1,Tuesday,1
2024-01-03,104036.05599962256,60243.089493796324,1684,479,South,Software,43792.96650582624,42.09,61.78,217.19,2024,1,1,Wednesday,1
2024-01-04,108810.54981815831,79397.57653415279,676,297,South,Software,29412.973284005522,27.03,160.96,366.37,2024,1,1,Thursday,1
2024-01-05,100421.19892970774,60863.19823901152,784,394,South,Software,39558.000690696215,39.39,128.09,254.88,2024,1,1,Friday,1
2024-01-06,100816.2192598086,77822.86227396142,562,418,East,Electronics,22993.356985847175,22.81,179.39,241.19,2024,1,1,Saturday,1
2024-01-07,110275.87619951082,70554.022181726,1502,401,East,Services,39721.85401778482,36.02,73.42,275.0,2024,1,1,Sunday,1
2024-01-08,106607.46294965968,79859.29592238601,1161,443,East,Electronics,26748.167027273666,25.09,91.82,240.65,2024,1,1,Monday,2
2024-01-09,100810.56581004985,61475.931294707974,1165,110,North,Software,39334.63451534188,39.02,86.53,916.46,2024,1,1,Tuesday,2
2024-01-10,106255.16314942422,71077.08568802642,655,161,West,Software,35178.0774613978,33.11,162.22,659.97,2024,1,1,Wednesday,2
2024-01-11,101606.08573735827,79386.05071238198,1992,432,South,Software,22220.035024976285,21.87,51.01,235.2,2024,1,1,Thursday,2
2024-01-12,101971.33638708285,70461.95688340298,1572,325,South,Electronics,31509.37950367987,30.9,64.87,313.76,2024,1,1,Friday,2
2024-01-13,105882.22549646525,69852.36187985739,1466,252,East,Electronics,36029.863616607865,34.03,72.23,420.17,2024,1,1,Saturday,2
2024-01-14,95473.6834693386,73914.97377969234,1348,298,South,Software,21558.70968964626,22.58,70.83,320.38,2024,1,1,Sunday,2
2024-01-15,96778.03683413457,69090.82129535546,1607,151,South,Electronics,27687.215538779114,28.61,60.22,640.91,2024,1,1,Monday,3
2024-01-16,102948.23566361409,72551.16160168126,1884,359,West,Electronics,30397.074061932828,29.53,54.64,286.76,2024,1,1,Tuesday,3
2024-01-17,101046.71280075051,71686.28623846201,1188,158,East,Software,29360.4265622885,29.06,85.06,639.54,2024,1,1,Wednesday,3
2024-01-18,108027.09664396764,78023.16020981978,647,171,West,Electronics,30003.936434147865,27.77,166.97,631.74,2024,1,1,Thursday,3
2024-01-19,102254.18372679496,60908.92760682916,841,247,North,Services,41345.2561199658,40.43,121.59,413.98,2024,1,1,Friday,3
2024-01-20,100064.34608488576,65619.26379184461,975,448,North,Services,34445.08229304115,34.42,102.63,223.36,2024,1,1,Saturday,3
2024-01-21,114778.45726446845,79008.22968153117,1586,162,North,Services,35770.22758293728,31.16,72.37,708.51,2024,1,1,Sunday,3
2024-01-22,106638.14961149696,77805.27567781832,1883,409,East,Services,28832.87393367864,27.04,56.63,260.73,2024,1,1,Monday,4
2024-01-23,108413.64814773107,69113.13505571426,1060,472,South,Software,39300.513092016816,36.25,102.28,229.69,2024,1,1,Tuesday,4
2024-01-24,101253.09926435321,72402.65195603074,826,342,East,Software,28850.447308322473,28.49,122.58,296.06,2024,1,1,Wednesday,4
2024-01-25,105947.32510016463,65547.62365962265,1664,465,East,Software,40399.701440541976,38.13,63.67,227.84,2024,1,1,Thursday,4
2024-01-26,109507.53404703358,63762.423194475225,1489,429,South,Services,45745.110852558355,41.77,73.54,255.26,2024,1,1,Friday,4
2024-01-27,103472.64815784282,69273.96809879964,714,206,West,Services,34198.68005904318,33.05,144.92,502.29,2024,1,1,Saturday,4
2024-01-28,111371.55302826964,67067.04456052106,934,325,North,Electronics,44304.50846774859,39.78,119.24,342.68,2024,1,1,Sunday,4
2024-01-29,106745.81865877258,71673.12223701744,1451,412,West,Electronics,35072.69642175514,32.86,73.57,259.09,2024,1,1,Monday,5
2024-01-30,108536.75640326881,61554.692739299695,1222,317,North,Services,46982.063663969115,43.29,88.82,342.39,2024,1,1,Tuesday,5
2024-01-31,107222.9421380494,79487.89615332332,1841,340,East,Services,27735.04598472608,25.87,58.24,315.36,2024,1,1,Wednesday,5
2024-02-01,119718.93811097342,79724.21488959205,531,358,North,Services,39994.72322138137,33.41,225.46,334.41,2024,2,1,Thursday,5
2024-02-02,110605.75199844006,73963.2342803949,1169,475,East,Services,36642.51771804516,33.13,94.62,232.85,2024,2,1,Friday,5
2024-02-03,105589.80266132904,70721.9273268824,784,361,West,Electronics,34867.87533444664,33.02,134.68,292.49,2024,2,1,Saturday,5
2024-02-04,115185.45113631242,66190.55232572656,1828,104,East,Services,48994.89881058586,42.54,63.01,1107.55,2024,2,1,Sunday,5
2024-02-05,105151.96225755222,76275.90039413897,928,360,West,Electronics,28876.061863413255,27.46,113.31,292.09,2024,2,1,Monday,6
2024-02-06,112472.88458902124,73694.62345107758,785,153,South,Services,38778.26113794366,34.48,143.28,735.12,2024,2,1,Tuesday,6
2024-02-07,101791.39490679416,63252.338786897824,1667,146,South,Services,38539.05611989633,37.86,61.06,697.2,2024,2,1,Wednesday,6
2024-02-08,105098.66091287832,78218.54368987685,1947,314,South,Services,26880.117223001464,25.58,53.98,334.71,2024,2,1,Thursday,6
2024-02-09,112862.29703243969,76450.74485846338,1542,276,East,Electronics,36411.552173976306,32.26,73.19,408.92,2024,2,1,Friday,6
2024-02-10,115697.17842461095,78995.99826583848,517,108,South,Electronics,36701.18015877246,31.72,223.79,1071.27,2024,2,1,Saturday,6
2024-02-11,112976.91117235547,74514.3901677672,1268,198,North,Software,38462.52100458827,34.04,89.1,570.59,2024,2,1,Sunday,6
2024-02-12,111645.35054525181,72268.3039187158,1089,119,West,Services,39377.046626536016,35.27,102.52,938.2,2024,2,1,Monday,7
2024-02-13,110809.835867087,68364.86072581238,1894,477,West,Software,42444.97514127461,38.3,58.51,232.31,2024,2,1,Tuesday,7
2024-02-14,105002.7031638281,78654.56966708027,1698,340,North,Software,26348.133496747832,25.09,61.84,308.83,2024,2,1,Wednesday,7
2024-02-15,108864.2174024829,77321.27779000817,1509,160,East,Electronics,31542.93961247473,28.97,72.14,680.4,2024,2,1,Thursday,7
2024-02-16,110216.52067695392,60904.37340212379,693,478,East,Electronics,49312.14727483013,44.74,159.04,230.58,2024,2,1,Friday,7
2024-02-17,117849.75075269834,60527.33948994504,1001,277,West,Software,57322.411262753296,48.64,117.73,425.45,2024,2,1,Saturday,7
2024-02-18,114314.81745168538,67529.26733756099,1487,437,South,Services,46785.55011412439,40.93,76.88,261.59,2024,2,1,Sunday,7
2024-02-19,103802.29922270979,76211.06661563666,1636,161,East,Electronics,27591.23260707312,26.58,63.45,644.73,2024,2,1,Monday,8
2024-02-20,114246.92177669465,79745.52258629889,613,244,East,Services,34501.399190395765,30.2,186.37,468.23,2024,2,1,Tuesday,8
2024-02-21,110698.37466566346,63008.33782207056,1745,315,North,Services,47690.0368435929,43.08,63.44,351.42,2024,2,1,Wednesday,8
2024-02-22,109224.81057328703,71882.6143070427,1446,102,North,Software,37342.196266244326,34.19,75.54,1070.83,2024,2,1,Thursday,8
2024-02-23,115641.86886348607,67617.81713262043,1330,259,South,Software,48024.05173086564,41.53,86.95,446.49,2024,2,1,Friday,8
2024-02-24,117701.07989194176,79398.28795629207,1787,326,East,Software,38302.791935649686,32.54,65.87,361.05,2024,2,1,Saturday,8
2024-02-25,117153.7150258397,76842.37846271417,1424,368,East,Software,40311.33656312553,34.41,82.27,318.35,2024,2,1,Sunday,8
2024-02-26,108241.21899752606,76766.57409422276,554,219,North,Electronics,31474.6449033033,29.08,195.38,494.25,2024,2,1,Monday,9
2024-02-27,110820.13301390773,69373.86319589941,1299,480,East,Electronics,41446.269818008324,37.4,85.31,230.88,2024,2,1,Tuesday,9
2024-02-28,113940.44564974081,68296.39004675331,1277,188,West,Software,45644.0556029875,40.06,89.23,606.07,2024,2,1,Wednesday,9
2024-02-29,117068.99525528966,65468.141438614126,1981,428,North,Electronics,51600.85381667553,44.08,59.1,273.53,2024,2,1,Thursday,9
2024-03-01,109691.92208338562,61127.50993301854,661,167,South,Software,48564.41215036708,44.27,165.95,656.84,2024,3,1,Friday,9
2024-03-02,109993.72329982292,77294.44752510106,1903,497,North,Services,32699.275774721857,29.73,57.8,221.32,2024,3,1,Saturday,9
2024-03-03,106318.0759774731,76258.02018260155,586,456,East,Services,30060.055794871543,28.27,181.43,233.15,2024,3,1,Sunday,9
2024-03-04,105734.56366135628,79994.35346572261,554,197,South,Services,25740.21019563367,24.34,190.86,536.72,2024,3,1,Monday,10
2024-03-05,115634.27789024894,69852.36187985739,1999,366,North,Software,45781.91601039155,39.59,57.85,315.94,2024,3,1,Tuesday,10
2024-03-06,118199.3425292577,71108.63411205255,1701,204,West,Services,47090.708417205155,39.84,69.49,579.41,2024,3,1,Wednesday,10
2024-03-07,110895.27387616814,75379.7483036102,1914,422,West,Electronics,35515.52557255793,32.03,57.94,262.79,2024,3,1,Thursday,10
2024-03-08,116101.1174746584,78895.31459764857,1872,222,North,Services,37205.80287700983,32.05,62.02,522.98,2024,3,1,Friday,10
2024-03-09,112710.97665925807,76992.94781354823,1531,128,West,Services,35718.028845709836,31.69,73.62,880.55,2024,3,1,Saturday,10
2024-03-10,107488.03541365238,64946.96203486395,1332,236,West,Services,42541.07337878843,39.58,80.7,455.46,2024,3,1,Sunday,10
2024-03-11,112323.23310803357,69010.88270620187,812,294,West,Electronics,43312.3504018317,38.56,138.33,382.05,2024,3,1,Monday,11
2024-03-12,118001.14092359958,62583.1883030299,1258,325,South,Software,55417.95262056968,46.96,93.8,363.08,2024,3,1,Tuesday,11
2024-03-13,109918.92128353557,79081.02054517446,942,431,West,Electronics,30837.900738361117,28.06,116.69,255.03,2024,3,1,Wednesday,11
2024-03-14,117701.07080199476,72123.4926890176,827,269,West,Software,45577.578112977164,38.72,142.32,437.55,2024,3,1,Thursday,11
2024-03-15,96551.961624201,64572.85611006925,1577,108,West,Software,31979.10551413174,33.12,61.23,894.0,2024,3,1,Friday,11
2024-03-16,113526.40204459136,73434.01368811713,1260,139,South,Services,40092.38835647423,35.32,90.1,816.74,2024,3,1,Saturday,11
2024-03-17,109612.03703729244,72362.56480915792,1762,124,North,Software,37249.47222813452,33.98,62.21,883.97,2024,3,1,Sunday,11
2024-03-18,107435.73640660108,67163.2543606568,1752,360,East,Electronics,40272.48204594427,37.49,61.32,298.43,2024,3,1,Monday,12
2024-03-19,109993.72329982292,62271.15184399258,1078,494,West,Electronics,47722.57145583034,43.39,102.03,222.66,2024,3,1,Tuesday,12
2024-03-20,98484.48213843943,73431.46391185599,1574,325,North,Software,25053.018226583445,25.44,62.57,303.03,2024,3,1,Wednesday,12
2024-03-21,107062.28185668771,70406.15401807586,1506,223,West,Services,36656.12783861185,34.24,71.09,480.1,2024,3,1,Thursday,12
2024-03-22,109680.04214864962,75446.36783471279,1787,137,South,Services,34233.674313936834,31.21,61.38,800.58,2024,3,1,Friday,12
2024-03-23,115013.69131799736,70403.27002223987,1941,427,North,Electronics,44610.42129575749,38.79,59.25,269.35,2024,3,1,Saturday,12
2024-03-24,104758.90086610337,77043.6300063708,595,350,South,Services,27715.27085973257,26.46,176.07,299.31,2024,3,1,Sunday,12
2024-03-25,103030.49351637083,71038.13677548971,1611,488,West,Software,31992.35674088112,31.05,63.95,211.13,2024,3,1,Monday,13
2024-03-26,109993.72329982292,71218.75943070772,1601,275,West,Software,38774.96386911519,35.25,68.7,399.98,2024,3,1,Tuesday,13
2024-03-27,111087.00521288927,77533.07205316689,1811,189,South,Electronics,33553.93315972238,30.21,61.34,587.76,2024,3,1,Wednesday,13
2024-03-28,107868.8708051684,68069.65732424794,1643,136,East,Software,39799.21348092046,36.9,65.65,793.15,2024,3,1,Thursday,13
2024-03-29,103289.70686060094,62680.30456901281,1313,415,South,Electronics,40609.40229158813,39.32,78.67,248.89,2024,3,1,Friday,13
2024-03-30,108216.91428666854,60575.65352626678,990,275,West,Software,47641.26076040176,44.02,109.31,393.52,2024,3,1,Saturday,13
2024-03-31,105847.11692610059,75102.74511347238,951,383,South,Electronics,30744.371812628204,29.05,111.3,276.36,2024,3,1,Sunday,13
2024-04-01,109915.59629141435,72406.19102706929,664,180,East,Services,37509.405264345056,34.13,165.54,610.64,2024,4,2,Monday,14
2024-04-02,101272.64601875287,74081.59536198447,681,213,South,Software,27191.050656768406,26.85,148.71,475.46,2024,4,2,Tuesday,14
2024-04-03,102855.44690431214,64259.28323017822,968,139,East,Software,38596.16367413392,37.52,106.26,739.97,2024,4,2,Wednesday,14
2024-04-04,102244.77666767407,62727.4295117354,1409,400,East,Electronics,39517.347155938674,38.65,72.57,255.61,2024,4,2,Thursday,14
2024-04-05,96600.4229368684,60290.893313357636,1234,323,South,Electronics,36309.52962351077,37.59,78.28,299.07,2024,4,2,Friday,14
2024-04-06,105112.80522854046,67011.75117613193,1322,417,South,Software,38101.05405240852,36.25,79.51,252.07,2024,4,2,Saturday,14
2024-04-07,104653.61595611437,71798.35373709266,1443,448,North,Electronics,32855.26221902171,31.39,72.53,233.6,2024,4,2,Sunday,14
2024-04-08,103092.37359460483,67844.88090199465,506,214,West,Software,35247.492692610176,34.19,203.74,481.74,2024,4,2,Monday,15
2024-04-09,101615.06694009078,68749.49844047458,829,285,East,Services,32865.5684996162,32.34,122.58,356.54,2024,4,2,Tuesday,15
2024-04-10,95435.47015180753,78083.17388987498,1274,422,North,Electronics,17352.296261932555,18.18,74.91,226.15,2024,4,2,Wednesday,15
2024-04-11,100136.93513927038,66965.109340466,650,155,South,Software,33171.82579880438,33.13,154.06,646.04,2024,4,2,Thursday,15
2024-04-12,100258.3312059589,70279.78978319622,1608,139,West,Services,29978.541422762675,29.9,62.35,721.28,2024,4,2,Friday,15
2024-04-13,97696.54650376561,75673.06025482286,646,453,North,Services,22023.486248942747,22.54,151.23,215.67,2024,4,2,Saturday,15
2024-04-14,100642.19817896072,67930.8556464254,1904,139,East,Software,32711.342532535316,32.5,52.86,724.04,2024,4,2,Sunday,15
2024-04-15,103214.61200652235,72441.73400455747,1414,446,North,Electronics,30772.878001964884,29.81,72.99,231.42,2024,4,2,Monday,16
2024-04-16,110376.42161304793,77247.27417493491,1808,336,East,Software,33129.147438113025,30.01,61.05,328.5,2024,4,2,Tuesday,16
2024-04-17,101575.27885263081,78990.41247315284,1199,388,South,Services,22584.86637947797,22.23,84.72,261.79,2024,4,2,Wednesday,16
2024-04-18,101753.1557873854,62941.469618580755,581,361,West,Software,38811.68616880465,38.14,175.13,281.86,2024,4,2,Thursday,16
2024-04-19,99862.65048185195,78531.75250322989,1013,315,West,Electronics,21330.89797862206,21.36,98.58,317.02,2024,4,2,Friday,16
2024-04-20,90417.30055152954,69842.32586159077,1314,246,West,Services,20574.97468993877,22.76,68.81,367.55,2024,4,2,Saturday,16
2024-04-21,99661.9942576175,65164.88776597917,1208,435,South,Software,34497.106491638326,34.61,82.5,229.11,2024,4,2,Sunday,16
2024-04-22,99886.57377898415,69182.71512476522,1245,267,East,Electronics,30703.85865421893,30.74,80.23,374.11,2024,4,2,Monday,17
2024-04-23,111700.25728957409,79600.65150570954,1522,191,South,Services,32099.60578386455,28.74,73.39,584.82,2024,4,2,Tuesday,17
2024-04-24,98228.93441748837,69852.36187985739,1909,452,West,Electronics,28376.572537630986,28.89,51.46,217.32,2024,4,2,Wednesday,17
2024-04-25,100513.5310338169,66575.03220575016,1206,158,South,Services,33938.49882806673,33.77,83.34,636.16,2024,4,2,Thursday,17
2024-04-26,98655.93725971534,72668.01708633451,970,158,South,Software,25987.92017338083,26.34,101.71,624.4,2024,4,2,Friday,17
2024-04-27,92818.72830234152,64802.91237556386,1642,403,South,Electronics,28015.815926777665,30.18,56.53,230.32,2024,4,2,Saturday,17
2024-04-28,104218.03885940649,61517.26656217328,895,268,East,Services,42700.772297233205,40.97,116.44,388.87,2024,4,2,Sunday,17
2024-04-29,102114.83259418019,62577.59443821298,760,368,North,Electronics,39537.23815596721,38.72,134.36,277.49,2024,4,2,Monday,18
2024-04-30,102171.24740678229,62560.91677915545,1304,462,North,Electronics,39610.33062762684,38.77,78.35,221.15,2024,4,2,Tuesday,18
2024-05-01,93539.9780148294,63038.05387024589,1433,144,South,Software,30501.924144583507,32.61,65.28,649.58,2024,5,2,Wednesday,18
2024-05-02,104981.8398744366,62776.543452988204,1779,444,North,Electronics,42205.296421448395,40.2,59.01,236.45,2024,5,2,Thursday,18
2024-05-03,90849.89748714093,72817.4948960643,1404,280,North,Services,18032.402591076636,19.85,64.71,324.46,2024,5,2,Friday,18
2024-05-04,100695.2479936997,63637.6016879829,1749,269,South,Services,37057.6463057168,36.8,57.57,374.33,2024,5,2,Saturday,18
2024-05-05,108625.75693694911,66913.34566647727,1576,455,South,Services,41712.41127047184,38.4,68.92,238.74,2024,5,2,Sunday,18
2024-05-06,92644.18865300786,77935.76819812023,1439,290,West,Services,14708.42045488763,15.88,64.38,319.46,2024,5,2,Monday,19
2024-05-07,94699.80402767097,69479.23280525744,1353,254,North,Software,25220.57122241352,26.63,69.99,372.83,2024,5,2,Tuesday,19
2024-05-08,97975.14548927074,73351.15477042054,1887,287,East,Electronics,24623.990718850197,25.13,51.92,341.38,2024,5,2,Wednesday,19
2024-05-09,94916.40939446243,63446.3974240326,1803,106,South,Software,31470.011970429834,33.16,52.64,895.44,2024,5,2,Thursday,19
2024-05-10,89648.7885496116,63845.78037617342,1092,232,West,Electronics,25803.00817343819,28.78,82.1,386.42,2024,5,2,Friday,19
2024-05-11,97724.76014935607,60817.372325329576,1213,334,East,Electronics,36907.38782402649,37.77,80.56,292.59,2024,5,2,Saturday,19
2024-05-12,109993.72329982292,63378.70126144329,1681,144,North,Electronics,46615.022038379626,42.38,65.43,763.85,2024,5,2,Sunday,19
2024-05-13,99744.49274611808,65571.80678063918,1131,413,West,Software,34172.6859654789,34.26,88.19,241.51,2024,5,2,Monday,20
2024-05-14,92794.29147124867,63540.20968553494,558,348,South,Electronics,29254.08178571373,31.53,166.3,266.65,2024,5,2,Tuesday,20
2024-05-15,105167.76069040637,61774.050675141116,627,130,East,Software,43393.71001526526,41.26,167.73,808.98,2024,5,2,Wednesday,20
2024-05-16,93540.32552596579,62412.717422012014,1235,122,South,Services,31127.608103953775,33.28,75.74,766.72,2024,5,2,Thursday,20
2024-05-17,109993.72329982292,69215.57536065452,1220,493,North,Services,40778.1479391684,37.07,90.16,223.11,2024,5,2,Friday,20
2024-05-18,101636.72981006795,64126.67436811585,1638,259,East,Electronics,37510.0554419521,36.91,62.05,392.42,2024,5,2,Saturday,20
2024-05-19,91488.86704291304,67285.39722096152,1732,462,North,Software,24203.469821951527,26.46,52.82,198.03,2024,5,2,Sunday,20
2024-05-20,98866.35348079346,70068.34541709714,1025,257,North,Services,28798.008063696325,29.13,96.45,384.69,2024,5,2,Monday,21
2024-05-21,104362.41621779888,73807.89657258731,1020,138,West,Software,30554.519645211563,29.28,102.32,756.25,2024,5,2,Tuesday,21
2024-05-22,89898.66757748116,60786.24279682198,1051,181,South,Software,29112.42478065918,32.38,85.54,496.68,2024,5,2,Wednesday,21
2024-05-23,98980.30231596112,75988.20797818086,736,455,East,Electronics,22992.09433778026,23.23,134.48,217.54,2024,5,2,Thursday,21
2024-05-24,99489.18571163114,72558.00778981816,1804,357,North,Services,26931.17792181298,27.07,55.15,278.68,2024,5,2,Friday,21
2024-05-25,102243.0219996156,61635.180638977436,1882,305,North,Electronics,40607.84136063816,39.72,54.33,335.22,2024,5,2,Saturday,21
2024-05-26,92304.68128265806,77471.57248213554,1724,176,East,Electronics,14833.108800522517,16.07,53.54,524.46,2024,5,2,Sunday,21
2024-05-27,92053.95087570761,78417.44801063626,1801,111,North,Services,13636.50286507135,14.81,51.11,829.31,2024,5,2,Monday,22
2024-05-28,109993.72329982292,61221.559197097275,1758,394,West,Services,48772.16410272564,44.34,62.57,279.17,2024,5,2,Tuesday,22
2024-05-29,100508.0270459564,65537.55296294407,993,323,West,Software,34970.474083012334,34.79,101.22,311.17,2024,5,2,Wednesday,22
2024-05-30,100475.33363739873,76124.02559586123,503,112,West,Services,24351.3080415375,24.24,199.75,897.1,2024,5,2,Thursday,22
2024-05-31,101165.53855079097,74965.19380767317,1165,145,West,Software,26200.344743117792,25.9,86.84,697.69,2024,5,2,Friday,22
2024-06-01,96254.07996809925,63690.420387127546,941,254,North,Software,32563.659580971704,33.83,102.29,378.95,2024,6,2,Saturday,22
2024-06-02,101046.65921436535,64186.986466734204,528,212,East,Software,36859.67274763115,36.48,191.38,476.64,2024,6,2,Sunday,22
2024-06-03,101592.01226721889,67409.44205582765,1632,332,East,Services,34182.57021139124,33.65,62.25,306.0,2024,6,2,Monday,23
2024-06-04,96806.00300472605,69690.45970382042,1109,116,East,Electronics,27115.54330090563,28.01,87.29,834.53,2024,6,2,Tuesday,23
2024-06-05,109967.36119363546,72365.09543060591,1304,459,East,Software,37602.26576302954,34.19,84.33,239.58,2024,6,2,Wednesday,23
2024-06-06,103277.75606174696,67378.27279139544,574,322,South,Electronics,35899.48327035151,34.76,179.93,320.74,2024,6,2,Thursday,23
2024-06-07,95231.29588359655,69250.69432266295,1337,453,East,Electronics,25980.601560933603,27.28,71.23,210.22,2024,6,2,Friday,23
2024-06-08,104758.6564273333,74949.41876267514,1669,287,South,Services,29809.23766465817,28.46,62.77,365.01,2024,6,2,Saturday,23
2024-06-09,96899.13166601815,60733.664057811955,627,443,South,Electronics,36165.46760820619,37.32,154.54,218.73,2024,6,2,Sunday,23
2024-06-10,106012.90463860198,65048.73888688041,541,464,West,Electronics,40964.165751721564,38.64,195.96,228.48,2024,6,2,Monday,24
2024-06-11,108183.39461345434,74266.99171769105,1879,262,South,Services,33916.40289576328,31.35,57.57,412.91,2024,6,2,Tuesday,24
2024-06-12,98607.62777314783,77904.13675374398,540,425,North,Software,20703.491019403853,21.0,182.61,232.02,2024,6,2,Wednesday,24
2024-06-13,107855.91514647697,70233.54884231332,1433,173,South,Electronics,37622.36630416365,34.88,75.27,623.44,2024,6,2,Thursday,24
2024-06-14,105437.98296218227,70642.26970530632,533,332,West,Services,34795.713256875955,33.0,197.82,317.58,2024,6,2,Friday,24
2024-06-15,107826.13949554836,62143.44022679552,1540,323,South,Electronics,45682.69926875283,42.37,70.02,333.83,2024,6,2,Saturday,24
2024-06-16,113547.94040625554,68948.2473364691,1676,418,North,Electronics,44599.693069786445,39.28,67.75,271.65,2024,6,2,Sunday,24
2024-06-17,103191.20047088256,70652.34532910047,1497,159,North,Software,32538.855141782085,31.53,68.93,649.0,2024,6,2,Monday,25
2024-06-18,101009.29973341117,64849.41007269459,1901,434,North,Electronics,36159.88966071658,35.8,53.13,232.74,2024,6,2,Tuesday,25
2024-06-19,100695.56031889991,65384.864618987616,1087,321,West,Services,35310.69569991229,35.07,92.64,313.69,2024,6,2,Wednesday,25
2024-06-20,101434.17752643536,67545.68326209245,841,136,West,Electronics,33888.49426434291,33.41,120.61,745.84,2024,6,2,Thursday,25
2024-06-21,105502.38776541234,60401.42395555453,526,377,East,Software,45100.96380985781,42.75,200.57,279.85,2024,6,2,Friday,25
2024-06-22,107972.51531195408,66441.58331166356,1810,295,West,Software,41530.932000290515,38.46,59.65,366.01,2024,6,2,Saturday,25
2024-06-23,108032.87624318646,64228.960139930896,1145,451,North,Services,43803.916103255564,40.55,94.35,239.54,2024,6,2,Sunday,25
2024-06-24,111171.42438990866,66549.94704355829,1230,341,North,Software,44621.477346350366,40.14,90.38,326.02,2024,6,2,Monday,26
2024-06-25,107489.62994578623,62395.242636385025,667,423,West,Electronics,45094.38730940121,41.95,161.15,254.11,2024,6,2,Tuesday,26
2024-06-26,115084.03342434044,77810.5456147979,1109,318,South,Software,37273.48780954254,32.39,103.77,361.9,2024,6,2,Wednesday,26
2024-06-27,106887.05228470164,71871.84907108097,767,291,West,Services,35015.20321362067,32.76,139.36,367.31,2024,6,2,Thursday,26
2024-06-28,122206.98456203674,73582.04638288979,1320,116,West,Software,48624.93817914695,39.79,92.58,1053.51,2024,6,2,Friday,26
2024-06-29,112131.7024500807,75783.42477214677,954,111,North,Software,36348.27767793393,32.42,117.54,1010.2,2024,6,2,Saturday,26
2024-06-30,105115.82376486412,69968.84397858115,1405,493,East,Software,35146.97978628297,33.44,74.82,213.22,2024,6,2,Sunday,26
2024-07-01,109993.72329982292,61738.40576174847,1924,473,North,Services,48255.31753807444,43.87,57.17,232.54,2024,7,3,Monday,27
2024-07-02,112611.89289804823,70742.13083637095,1421,292,East,Software,41869.76206167728,37.18,79.25,385.66,2024,7,3,Tuesday,27
2024-07-03,109481.07452642519,71736.82236041759,1480,121,North,Software,37744.2521660076,34.48,73.97,904.8,2024,7,3,Wednesday,27
2024-07-04,114566.63675920479,74908.7894836866,1999,219,West,Electronics,39657.84727551819,34.62,57.31,523.14,2024,7,3,Thursday,27
2024-07-05,113760.04939377906,68633.19092459358,1201,309,North,Services,45126.85846918548,39.67,94.72,368.16,2024,7,3,Friday,27
2024-07-06,111425.51898582418,62551.606055911274,1133,405,North,Software,48873.912929912905,43.86,98.35,275.12,2024,7,3,Saturday,27
2024-07-07,107949.66837110411,65675.5181159745,629,369,North,Services,42274.150255129614,39.16,171.62,292.55,2024,7,3,Sunday,27
2024-07-08,105001.14339017397,67261.6459279727,1519,291,West,Software,37739.49746220127,35.94,69.13,360.83,2024,7,3,Monday,28
2024-07-09,110731.91709493635,72918.34482663202,1886,274,West,Software,37813.57226830433,34.15,58.71,404.13,2024,7,3,Tuesday,28
2024-07-10,117632.57172508098,71415.56609337823,1318,384,West,Software,46217.00563170275,39.29,89.25,306.33,2024,7,3,Wednesday,28
2024-07-11,114803.71328278013,67121.93451795692,1192,303,West,Electronics,47681.778764823204,41.53,96.31,378.89,2024,7,3,Thursday,28
2024-07-12,107883.40979395718,79730.30497585959,1815,263,East,Electronics,28153.104818097592,26.1,59.44,410.2,2024,7,3,Friday,28
2024-07-13,115352.67567799333,72115.49638713774,1894,350,East,Electronics,43237.179290855594,37.48,60.9,329.58,2024,7,3,Saturday,28
2024-07-14,116783.45443161666,64744.53583471989,1293,326,South,Services,52038.918596896765,44.56,90.32,358.23,2024,7,3,Sunday,28
2024-07-15,110802.7322637957,62035.64945240808,528,480,West,Services,48767.08281138762,44.01,209.85,230.84,2024,7,3,Monday,29
2024-07-16,116350.48447883071,63057.18278368664,648,106,East,Electronics,53293.301695144066,45.8,179.55,1097.65,2024,7,3,Tuesday,29
2024-07-17,116227.06809924418,64919.15456769016,1819,128,North,Services,51307.91353155402,44.14,63.9,908.02,2024,7,3,Wednesday,29
2024-07-18,110569.30981527097,63213.627465191115,510,494,West,Software,47355.68235007986,42.83,216.8,223.82,2024,7,3,Thursday,29
2024-07-19,118414.85847424164,63731.34048102611,1175,132,South,Software,54683.51799321553,46.18,100.78,897.08,2024,7,3,Friday,29
2024-07-20,119764.88813158579,65701.90337387694,1636,233,South,Software,54062.98475770885,45.14,73.21,514.01,2024,7,3,Saturday,29
2024-07-21,122704.21685096998,63467.471905895094,686,466,South,Electronics,59236.74494507489,48.28,178.87,263.31,2024,7,3,Sunday,29
2024-07-22,122878.5935417572,77935.30849252851,1306,178,North,Services,44943.285049228696,36.58,94.09,690.33,2024,7,3,Monday,30
2024-07-23,111034.17154032481,61604.67491323284,1243,157,East,Electronics,49429.49662709197,44.52,89.33,707.22,2024,7,3,Tuesday,30
2024-07-24,113538.33478326962,70490.2277914051,1750,125,North,Services,43048.10699186452,37.92,64.88,908.31,2024,7,3,Wednesday,30
2024-07-25,121099.28795187913,68207.93653979323,1833,325,West,Software,52891.3514120859,43.68,66.07,372.61,2024,7,3,Thursday,30
2024-07-26,121381.11638495125,79647.57233817213,597,384,South,Electronics,41733.54404677912,34.38,203.32,316.1,2024,7,3,Friday,30
2024-07-27,121666.6469743422,62240.778043361046,554,103,North,Services,59425.86893098116,48.84,219.61,1181.23,2024,7,3,Saturday,30
2024-07-29,122476.69245860794,79389.40866550738,1163,496,East,Software,43087.28379310056,35.18,105.31,246.93,2024,7,3,Monday,31
2024-07-30,125551.17830017752,77310.1425178796,1257,138,East,Electronics,48241.03578229791,38.42,99.88,909.79,2024,7,3,Tuesday,31
2024-07-31,124884.61808890566,69852.36187985739,905,370,South,Electronics,55032.25620904827,44.07,137.99,337.53,2024,7,3,Wednesday,31
2024-08-01,123602.75268053729,65158.0565408988,568,474,North,Electronics,58444.696139638494,47.28,217.61,260.77,2024,8,3,Thursday,31
2024-08-02,118990.35627349217,63417.75174780132,1835,384,North,Software,55572.604525690855,46.7,64.84,309.87,2024,8,3,Friday,31
2024-08-03,124571.976716797,73372.86439848861,1812,256,East,Electronics,51199.112318308384,41.1,68.75,486.61,2024,8,3,Saturday,31
2024-08-04,117112.77024752165,78587.51978255171,1250,174,North,Software,38525.25046496994,32.9,93.69,673.06,2024,8,3,Sunday,31
2024-08-05,119981.73476099601,71135.2578602786,1671,471,North,Software,48846.47690071742,40.71,71.8,254.74,2024,8,3,Monday,32
2024-08-06,109993.72329982292,71432.253789398,1990,387,North,Software,38561.46951042491,35.06,55.27,284.22,2024,8,3,Tuesday,32
2024-08-07,121919.93585988315,65599.58187320568,1767,229,East,Services,56320.353986677466,46.19,69.0,532.4,2024,8,3,Wednesday,32
2024-08-09,112473.90229665223,63740.874971150464,864,183,West,Electronics,48733.02732550177,43.33,130.18,614.61,2024,8,3,Friday,32
2024-08-10,125374.16792857298,66473.58472808487,981,121,South,Software,58900.58320048811,46.98,127.8,1036.15,2024,8,3,Saturday,32
2024-08-11,114000.33689376444,68508.72877232834,700,126,West,Software,45491.608121436104,39.9,162.86,904.76,2024,8,3,Sunday,32
2024-08-12,119813.6382246661,70152.2075736891,653,294,North,Electronics,49661.430650976996,41.45,183.48,407.53,2024,8,3,Monday,33
2024-08-13,127715.69917706402,64848.19464830161,1973,436,South,Software,62867.50452876241,49.22,64.73,292.93,2024,8,3,Tuesday,33
2024-08-14,122678.21147039448,62296.73649478407,572,481,West,Electronics,60381.474975610414,49.22,214.47,255.05,2024,8,3,Wednesday,33
2024-08-15,117042.13238713387,72212.40084883265,1212,335,East,Services,44829.73153830122,38.3,96.57,349.38,2024,8,3,Thursday,33
2024-08-16,118916.53953599356,65772.61106480511,795,191,East,Software,53143.928471188454,44.69,149.58,622.6,2024,8,3,Friday,33
2024-08-17,109993.72329982292,71624.76442845224,1540,120,South,Electronics,38368.958871370676,34.88,71.42,916.61,2024,8,3,Saturday,33
2024-08-18,118930.07817609565,63087.25430548405,1740,402,South,Software,55842.823870611595,46.95,68.35,295.85,2024,8,3,Sunday,33
2024-08-19,123690.88030549219,69622.80203709635,560,456,North,Electronics,54068.07826839584,43.71,220.88,271.25,2024,8,3,Monday,34
2024-08-20,122851.32860657689,70651.78865103172,1438,183,South,Electronics,52199.53995554517,42.49,85.43,671.32,2024,8,3,Tuesday,34
2024-08-21,119368.60304928046,61036.47073644854,541,361,North,Software,58332.13231283192,48.87,220.64,330.66,2024,8,3,Wednesday,34
2024-08-23,125767.4894066478,62688.293538779486,1562,486,East,Electronics,63079.195867868315,50.16,80.52,258.78,2024,8,3,Friday,34
2024-08-24,112440.49940166852,61267.499409455355,630,356,East,Electronics,51172.99999221317,45.51,178.48,315.84,2024,8,3,Saturday,34
2024-08-25,123455.38291001461,79799.2046477989,1752,157,West,Electronics,43656.178262215704,35.36,70.47,786.34,2024,8,3,Sunday,34
2024-08-26,119159.77500047322,66447.07689949445,607,479,East,Services,52712.69810097877,44.24,196.31,248.77,2024,8,3,Monday,35
2024-08-27,126665.29639531982,76197.4889170927,671,114,East,Services,50467.807478227114,39.84,188.77,1111.1,2024,8,3,Tuesday,35
2024-08-28,118363.91749993729,65092.813095275276,1958,261,South,Software,53271.104404662015,45.01,60.45,453.5,2024,8,3,Wednesday,35
2024-08-29,121665.35526796716,69852.36187985739,601,262,East,Services,51812.99338810977,42.59,202.44,464.37,2024,8,3,Thursday,35
2024-08-30,124665.78359379995,75204.55719779374,1365,419,West,Software,49461.22639600621,39.68,91.33,297.53,2024,8,3,Friday,35
2024-08-31,126360.90765109452,71912.77481215689,1023,380,South,Software,54448.13283893763,43.09,123.52,332.53,2024,8,3,Saturday,35
2024-09-01,115911.60267591802,69431.52377100317,774,379,West,Services,46480.07890491486,40.1,149.76,305.84,2024,9,3,Sunday,35
2024-09-02,109993.72329982292,68236.81828294537,1567,111,East,Software,41756.90501687754,37.96,70.19,990.93,2024,9,3,Monday,36
2024-09-03,119270.1060134489,66977.3653308599,1316,373,West,Services,52292.74068258899,43.84,90.63,319.76,2024,9,3,Tuesday,36
2024-09-04,118229.42905030005,78590.58288495652,1456,370,South,Software,39638.84616534354,33.53,81.2,319.54,2024,9,3,Wednesday,36
2024-09-05,130165.15271096631,76612.38815575458,1540,307,North,Services,53552.76455521173,41.14,84.52,423.99,2024,9,3,Thursday,36
2024-09-06,123195.41244656322,79300.53821333025,829,126,West,Services,43894.87423323297,35.63,148.61,977.74,2024,9,3,Friday,36
2024-09-07,114689.78590617597,62485.94446971089,511,171,West,Software,52203.841436465074,45.52,224.44,670.7,2024,9,3,Saturday,36
2024-09-08,125398.5704938799,74617.34950407289,1841,159,South,Electronics,50781.220989807014,40.5,68.11,788.67,2024,9,3,Sunday,36
2024-09-09,131226.73425791552,78766.80913642075,715,244,South,Software,52459.92512149477,39.98,183.53,537.81,2024,9,3,Monday,37
2024-09-10,125576.90357347674,63624.6613233132,838,192,West,Services,61952.24225016354,49.33,149.85,654.05,2024,9,3,Tuesday,37
2024-09-11,112608.58653536637,61329.92534733555,1160,408,East,Electronics,51278.66118803082,45.54,97.08,276.0,2024,9,3,Wednesday,37
2024-09-12,117567.67300764401,74822.41298580117,1604,107,West,Software,42745.26002184284,36.36,73.3,1098.76,2024,9,3,Thursday,37
2024-09-13,126099.67568525035,71489.46226359824,873,178,South,Software,54610.21342165211,43.31,144.44,708.43,2024,9,3,Friday,37
2024-09-14,115996.24883813452,76836.57553516544,1475,126,North,Software,39159.67330296908,33.76,78.64,920.61,2024,9,3,Saturday,37
2024-09-15,121516.70735225955,62795.44753252579,1209,273,North,Electronics,58721.25981973376,48.32,100.51,445.12,2024,9,3,Sunday,37
2024-09-16,122927.6781601514,75905.34623719781,1723,149,East,Services,47022.331922953585,38.25,71.35,825.02,2024,9,3,Monday,38
2024-09-17,114170.98991965993,64032.54640095489,965,298,West,Software,50138.44351870504,43.92,118.31,383.12,2024,9,3,Tuesday,38
2024-09-18,118253.74648240024,63273.11885731409,1612,486,North,Software,54980.62762508615,46.49,73.36,243.32,2024,9,3,Wednesday,38
2024-09-19,102085.73044978095,63285.31595861986,1791,448,West,Software,38800.41449116109,38.01,57.0,227.87,2024,9,3,Thursday,38
2024-09-20,112906.15800473583,76291.49440462764,988,280,South,Software,36614.66360010819,32.43,114.28,403.24,2024,9,3,Friday,38
2024-09-21,116496.99748993704,73303.94441392401,546,123,North,Software,43193.053076013035,37.08,213.36,947.13,2024,9,3,Saturday,38
2024-09-22,111248.76022811614,70461.30849538239,1811,415,East,Services,40787.45173273375,36.66,61.43,268.07,2024,9,3,Sunday,38
2024-09-23,125374.05391269167,67176.60968247005,1277,477,South,Services,58197.44423022162,46.42,98.18,262.84,2024,9,3,Monday,39
2024-09-24,109782.48679880434,77544.01081626216,1539,486,East,Software,32238.47598254218,29.37,71.33,225.89,2024,9,3,Tuesday,39
2024-09-25,114451.43797130017,67848.9021484527,1210,145,South,Electronics,46602.535822847465,40.72,94.59,789.32,2024,9,3,Wednesday,39
2024-09-26,117021.4990432129,76331.98878943155,900,114,North,Services,40689.51025378135,34.77,130.02,1026.5,2024,9,3,Thursday,39
2024-09-27,123288.3687678016,68782.69817140436,1480,252,East,Electronics,54505.670596397234,44.21,83.3,489.24,2024,9,3,Friday,39
2024-09-28,108615.37181076795,67538.88858849816,1609,321,East,Services,41076.48322226979,37.82,67.5,338.37,2024,9,3,Saturday,39
2024-09-29,121322.06112347382,69253.59571339213,749,305,South,Software,52068.465410081684,42.92,161.98,397.78,2024,9,3,Sunday,39
2024-09-30,115268.25381695833,66027.55748328284,890,372,East,Services,49240.696333675485,42.72,129.51,309.86,2024,9,3,Monday,40
2024-10-01,110020.08540601036,74952.18760352502,834,481,South,Software,35067.89780248534,31.87,131.92,228.73,2024,10,4,Tuesday,40
2024-10-02,116948.78819195599,70054.40780184958,1128,335,South,Services,46894.38039010641,40.1,103.68,349.1,2024,10,4,Wednesday,40
2024-10-03,115344.72135676561,64644.25390293635,636,439,South,Software,50700.46745382927,43.96,181.36,262.74,2024,10,4,Thursday,40
2024-10-04,111060.4077347699,77991.49146549137,1382,327,South,Software,33068.91626927853,29.78,80.36,339.63,2024,10,4,Friday,40
2024-10-05,114123.89516808013,67677.82442746423,1187,108,North,Software,46446.07074061589,40.7,96.14,1056.7,2024,10,4,Saturday,40
2024-10-06,111563.4373913123,70871.05722227978,1326,265,South,Software,40692.38016903252,36.47,84.14,420.99,2024,10,4,Sunday,40
2024-10-07,113774.84332528294,78129.44221929094,1226,418,West,Electronics,35645.401105992,31.33,92.8,272.19,2024,10,4,Monday,41
2024-10-08,116237.69184176848,72484.75991827984,1093,313,East,Software,43752.931923488635,37.64,106.35,371.37,2024,10,4,Tuesday,41
2024-10-09,120579.83212325515,62337.96081416728,1746,216,West,Electronics,58241.871309087874,48.3,69.06,558.24,2024,10,4,Wednesday,41
2024-10-10,106186.70141157601,78796.64247226951,1489,485,North,Electronics,27390.058939306502,25.79,71.31,218.94,2024,10,4,Thursday,41
2024-10-11,122770.68758219044,72554.16106142836,871,443,West,Software,50216.52652076208,40.9,140.95,277.13,2024,10,4,Friday,41
2024-10-12,102078.91970651224,66698.11229314172,1434,171,East,Electronics,35380.80741337052,34.66,71.18,596.95,2024,10,4,Saturday,41
2024-10-13,110818.7478133782,62785.44145326775,1494,494,West,Services,48033.30636011045,43.34,74.18,224.33,2024,10,4,Sunday,41
2024-10-14,114262.42558617821,75880.50378540592,901,163,North,Software,38381.921800772296,33.59,126.82,701.0,2024,10,4,Monday,42
2024-10-15,112474.18617974476,72401.45511857027,1966,304,South,Electronics,40072.73106117449,35.63,57.21,369.98,2024,10,4,Tuesday,42
2024-10-16,107709.70070479545,70669.22183952644,1114,308,West,Software,37040.47886526902,34.39,96.69,349.71,2024,10,4,Wednesday,42
2024-10-17,109542.49922549841,77877.85166101916,1796,171,North,Software,31664.64756447925,28.91,60.99,640.6,2024,10,4,Thursday,42
2024-10-18,107884.30818205612,75771.94422449061,1682,376,North,Software,32112.36395756551,29.77,64.14,286.93,2024,10,4,Friday,42
2024-10-19,107175.32369235421,63033.497594655026,1675,373,East,Electronics,44141.82609769919,41.19,63.99,287.33,2024,10,4,Saturday,42
2024-10-20,114149.95900601981,66234.44135591097,1494,419,East,Services,47915.51765010884,41.98,76.41,272.43,2024,10,4,Sunday,42
2024-10-21,111474.11933855551,64969.78279628931,1119,437,West,Services,46504.336542266195,41.72,99.62,255.09,2024,10,4,Monday,43
2024-10-22,106019.19694320523,74878.92585145353,687,465,South,Electronics,31140.271091751696,29.37,154.32,228.0,2024,10,4,Tuesday,43
2024-10-23,113784.36519048827,60670.648694715586,1621,194,North,Software,53113.716495772685,46.68,70.19,586.52,2024,10,4,Wednesday,43
2024-10-24,110633.70107036317,71397.79369742633,630,265,West,Electronics,39235.90737293684,35.46,175.61,417.49,2024,10,4,Thursday,43
2024-10-25,112980.85760899654,75249.1737148138,1304,131,North,Electronics,37731.68389418273,33.4,86.64,862.45,2024,10,4,Friday,43
2024-10-26,111892.81972554825,77535.31273523498,1694,110,North,Electronics,34357.50699031327,30.71,66.05,1017.21,2024,10,4,Saturday,43
2024-10-27,104436.88255898606,66841.63497431815,1435,400,South,Software,37595.247584667915,36.0,72.78,261.09,2024,10,4,Sunday,43
2024-10-28,105627.44602073722,76425.14609344026,1485,316,South,Electronics,29202.29992729696,27.65,71.13,334.26,2024,10,4,Monday,44
2024-10-29,112020.87124385667,62212.63473910414,682,388,West,Software,49808.23650475253,44.46,164.25,288.71,2024,10,4,Tuesday,44
2024-10-30,111202.1004796641,76929.04583469036,1482,201,South,Electronics,34273.054644973745,30.82,75.04,553.24,2024,10,4,Wednesday,44
2024-10-31,107921.6049962555,62549.77324663965,863,491,South,Services,45371.83174961585,42.04,125.05,219.8,2024,10,4,Thursday,44
2024-11-01,108498.84364393185,67945.74581120735,538,366,West,Electronics,40553.097832724496,37.38,201.67,296.44,2024,11,4,Friday,44
2024-11-02,114197.05485926427,75945.90731559107,996,313,South,Electronics,38251.1475436732,33.5,114.66,364.85,2024,11,4,Saturday,44
2024-11-03,104758.01456309787,62998.348546975474,1872,278,East,Services,41759.66601612239,39.86,55.96,376.83,2024,11,4,Sunday,44
2024-11-04,110369.29201268639,64585.02790465283,1481,187,North,Software,45784.26410803356,41.48,74.52,590.21,2024,11,4,Monday,45
2024-11-05,106551.7301241913,74445.05136786132,1420,140,North,Software,32106.678756329973,30.13,75.04,761.08,2024,11,4,Tuesday,45
2024-11-06,106414.2795536052,74400.73073092148,1920,175,North,Electronics,32013.54882268372,30.08,55.42,608.08,2024,11,4,Wednesday,45
2024-11-07,112947.80198047395,72822.95265770594,1221,476,North,Services,40124.849322768,35.53,92.5,237.29,2024,11,4,Thursday,45
2024-11-08,111543.59432565841,73878.968889342,1684,145,West,Software,37664.62543631642,33.77,66.24,769.27,2024,11,4,Friday,45
2024-11-09,111458.12760518637,69852.36187985739,515,259,North,Electronics,41605.76572532898,37.33,216.42,430.34,2024,11,4,Saturday,45
2024-11-10,113903.60796802663,65035.98117813905,992,179,North,Services,48867.626789887574,42.9,114.82,636.33,2024,11,4,Sunday,45
2024-11-11,107478.51727844313,66913.91987007839,1949,409,North,Software,40564.597408364745,37.74,55.15,262.78,2024,11,4,Monday,46
2024-11-12,110792.26485695137,63631.95433602852,1631,185,North,Software,47160.31052092285,42.57,67.93,598.88,2024,11,4,Tuesday,46
2024-11-13,105851.94021318965,78169.01122667256,1393,191,East,Services,27682.928986517087,26.15,75.99,554.2,2024,11,4,Wednesday,46
2024-11-14,109056.69214083845,71667.83589532241,1973,247,North,Services,37388.85624551604,34.28,55.27,441.53,2024,11,4,Thursday,46
2024-11-15,106829.57019640873,68017.0283352728,810,260,East,Services,38812.541861135935,36.33,131.89,410.88,2024,11,4,Friday,46
2024-11-16,108021.54138050714,69240.11607288265,1238,301,West,Services,38781.42530762449,35.9,87.25,358.88,2024,11,4,Saturday,46
2024-11-17,110580.47201151933,78945.6667922363,1693,341,South,Electronics,31634.805219283036,28.61,65.32,324.28,2024,11,4,Sunday,46
2024-11-18,103593.5422387992,63067.0280623216,1045,452,North,Services,40526.5141764776,39.12,99.13,229.19,2024,11,4,Monday,47
2024-11-19,118238.34442123427,71724.59664033595,913,101,South,Software,46513.747780898324,39.34,129.51,1170.68,2024,11,4,Tuesday,47
2024-11-20,102849.84332609588,70117.77357768932,750,324,South,Software,32732.06974840656,31.83,137.13,317.44,2024,11,4,Wednesday,47
2024-11-21,101924.21141142744,72229.08470869296,1258,388,West,Electronics,29695.126702734487,29.13,81.02,262.69,2024,11,4,Thursday,47
2024-11-22,113912.56351440627,60362.20367641681,1664,332,South,Software,53550.35983798946,47.01,68.46,343.11,2024,11,4,Friday,47
2024-11-23,112218.72231244421,77442.47817888303,1797,176,East,Software,34776.24413356118,30.99,62.45,637.61,2024,11,4,Saturday,47
2024-11-24,111530.85355906773,78642.36564967225,1939,215,South,Services,32888.48790939548,29.49,57.52,518.75,2024,11,4,Sunday,47
2024-11-25,111713.16093232394,71302.66367178418,1562,253,South,Software,40410.49726053976,36.17,71.52,441.55,2024,11,4,Monday,48
2024-11-26,108682.5856283581,73933.01647753785,1313,202,South,Electronics,34749.56915082024,31.97,82.77,538.03,2024,11,4,Tuesday,48
2024-11-27,104441.00156677436,78449.98762354591,528,293,North,Services,25991.01394322845,24.89,197.8,356.45,2024,11,4,Wednesday,48
2024-11-28,109500.66548486009,74144.77268626797,1457,265,North,Services,35355.89279859212,32.29,75.15,413.21,2024,11,4,Thursday,48
2024-11-29,105940.9533203097,63050.78085828523,976,458,East,Electronics,42890.172462024464,40.48,108.55,231.31,2024,11,4,Friday,48
2024-11-30,114418.05147866001,71525.76720333626,817,189,East,Services,42892.28427532375,37.49,140.05,605.39,2024,11,4,Saturday,48
2024-12-01,109033.23789329293,72134.30092765711,744,273,North,Services,36898.93696563582,33.84,146.55,399.39,2024,12,4,Sunday,48
2024-12-02,105877.28886380224,68482.61342604773,1247,221,East,Electronics,37394.675437754515,35.32,84.91,479.08,2024,12,4,Monday,49
2024-12-03,108644.05868336842,74728.88471249446,1196,242,North,Services,33915.17397087396,31.22,90.84,448.94,2024,12,4,Tuesday,49
2024-12-04,112571.59433483682,78687.3402953803,771,205,West,Electronics,33884.254039456515,30.1,146.01,549.13,2024,12,4,Wednesday,49
2024-12-05,107953.76119102578,78511.37025813553,1963,474,South,Electronics,29442.390932890252,27.27,54.99,227.75,2024,12,4,Thursday,49
2024-12-06,106935.97692368357,69016.78742808264,1762,404,South,Software,37919.189495600935,35.46,60.69,264.69,2024,12,4,Friday,49
2024-12-07,112549.197334669,62264.7609168151,876,459,East,Software,50284.4364178539,44.68,128.48,245.21,2024,12,4,Saturday,49
2024-12-08,112847.99266012313,79696.82397924669,765,416,North,Services,33151.168680876435,29.38,147.51,271.27,2024,12,4,Sunday,49
2024-12-09,109389.27699885286,76777.96172891869,1425,222,North,Services,32611.315269934174,29.81,76.76,492.74,2024,12,4,Monday,50
2024-12-10,109877.77735797875,62493.253624065335,1420,489,East,Electronics,47384.52373391341,43.12,77.38,224.7,2024,12,4,Tuesday,50
2024-12-11,113710.0362669275,78416.83765234744,1882,108,North,Services,35293.19861458006,31.04,60.42,1052.87,2024,12,4,Wednesday,50
2024-12-12,105633.71370095115,77397.92724124256,839,361,West,Electronics,28235.786459708586,26.73,125.9,292.61,2024,12,4,Thursday,50
2024-12-13,106168.3770237162,70376.76114252144,888,172,South,Electronics,35791.61588119475,33.71,119.56,617.26,2024,12,4,Friday,50
2024-12-14,109951.91891274654,71825.50871489858,1076,458,East,Services,38126.41019784796,34.68,102.19,240.07,2024,12,4,Saturday,50
2024-12-15,112821.89583901812,67980.0540774026,502,322,East,Electronics,44841.84176161552,39.75,224.74,350.38,2024,12,4,Sunday,50
2024-12-16,115794.86451817106,61095.23277644063,1952,140,North,Software,54699.63174173043,47.24,59.32,827.11,2024,12,4,Monday,51
2024-12-17,121974.155088048,66703.94483291802,1665,469,East,Services,55270.21025512999,45.31,73.26,260.07,2024,12,4,Tuesday,51
2024-12-18,119248.21342338249,76057.06897196022,875,303,West,Software,43191.14445142227,36.22,136.28,393.56,2024,12,4,Wednesday,51
2024-12-19,114527.89321154777,60092.64046009206,823,363,North,Services,54435.25275145571,47.53,139.16,315.5,2024,12,4,Thursday,51
2024-12-20,115604.93380555241,66669.98343382288,645,427,North,Electronics,48934.95037172953,42.33,179.23,270.74,2024,12,4,Friday,51
2024-12-21,111064.17897539036,67963.37387181887,792,277,North,Services,43100.80510357149,38.81,140.23,400.95,2024,12,4,Saturday,51
2024-12-22,116365.07138854364,70747.91205875846,931,447,North,Software,45617.15932978518,39.2,124.99,260.32,2024,12,4,Sunday,51
2024-12-23,115398.7690656747,78397.11232825521,1204,417,West,Electronics,37001.656737419486,32.06,95.85,276.74,2024,12,4,Monday,52
2024-12-24,118843.3034977953,66926.91988731922,1448,183,North,Services,51916.383610476085,43.68,82.07,649.42,2024,12,4,Tuesday,52
2024-12-25,113484.0331602645,66939.06403792456,1084,417,East,Services,46544.96912233994,41.01,104.69,272.14,2024,12,4,Wednesday,52
2024-12-26,120609.82852665136,74750.02496219496,898,210,West,Services,45859.80356445639,38.02,134.31,574.33,2024,12,4,Thursday,52
2024-12-27,126071.72876168844,69044.35881779614,1316,350,South,Software,57027.36994389231,45.23,95.8,360.2,2024,12,4,Friday,52
2024-12-28,118260.79872159752,64492.09645879964,1867,482,South,Software,53768.70226279787,45.47,63.34,245.35,2024,12,4,Saturday,52
2024-12-29,121210.9453013756,69048.79032265386,1463,106,East,Services,52162.15497872174,43.03,82.85,1143.5,2024,12,4,Sunday,52
2024-12-30,123051.70932178014,62817.140407595994,1663,183,East,Electronics,60234.56891418415,48.95,73.99,672.41,2024,12,4,Monday,1
2024-12-31,117993.89764057082,63527.739730124464,686,307,West,Electronics,54466.15791044636,46.16,172.0,384.34,2024,12,4,Tuesday,1
